Product Id,Product Name,Color,Material,Net Quantity,Brand Name,Emotion,Price,Description
1,Sunshine Yellow Shirt,Yellow,Cotton,1 piece,SunnyWear,Happy,$20 ,
2,Joyful Floral Dress,Multicolor,Polyester,1 piece,Blooming,Happy,$35 ,
3,Smiling Emoji Pillow,Yellow,Velvet,1 piece,CozyHome,Happy,$15 ,
4,Cheerful Coffee Mug,White,Ceramic,1 piece,BrewBuddy,Happy,$10 ,
5,Laughing Baby Onesie,Blue,Cotton,1 piece,TinyTots,Happy,$25 ,
6,Vibrant Rainbow Socks,Rainbow,Cotton Blend,1 pair,HappyFeet,Happy,$8 ,
7,Smiley Face Backpack,Yellow,Canvas,1 piece,AdventureGear,Happy,$30 ,
8,Happy Hour Cocktail Shaker,Silver,Stainless Steel,1 piece,MixMaster,Happy,$40 ,
9,Sunny Day Beach Towel,Orange,Microfiber,1 piece,BeachBliss,Happy,$18 ,
10,Joyful Jigsaw Puzzle,Multicolor,Cardboard,1 piece,PuzzleLand,Happy,$12 ,
11,Giggling Plush Teddy Bear,Brown,Plush,1 piece,CuddleBuddy,Happy,$15 ,
12,Ecstatic Energy Drink,Red,Energy Drink,1 can,PowerUp,Happy,$3 ,
13,Cheerful Ceramic Plant Pot,Green,Ceramic,1 piece,GreenerGardens,Happy,$10 ,
14,Blissful Bath Bomb Set,Pastel,Bath Bomb,Set of 6,BubbleDelight,Happy,$25 ,
15,Radiant Rainbow Umbrella,Rainbow,Polyester,1 piece,RainyDays,Happy,$20 ,
16,Merry Music Box,Wood,Music Box,1 piece,MelodyMagic,Happy,$30 ,
17,Beaming LED String Lights,Multicolor,LED,1 set,BrightNights,Happy,$15 ,
18,Happy Home Plant Set,Green,Plants,Set of 3,GreenThumb,Happy,$25 ,
19,Blissful Aromatherapy Candle,Lavender,Soy Wax,1 candle,ScentSational,Happy,$12 ,
20,Joyous Yoga Mat,Purple,Eco-Friendly PVC,1 piece,YogaZen,Happy,$30 ,
21,Cheerful Chef's Apron,Red,Cotton,1 piece,KitchenJoy,Happy,$15 ,
22,Vibrant Watercolor Paint Set,Assorted,Watercolor,Set of 12,CreativeCanvas,Happy,$20 ,
23,Delighted Dog Chew Toy,Blue,Rubber,1 piece,PuppyPlay,Happy,$8 ,
24,Gleeful Gaming Mouse,Black,Plastic,1 piece,GameMaster,Happy,$40 ,
25,Sunny Side Up Egg Pan,Yellow,Non-Stick,1 pan,MorningMagic,Happy,$25 ,
26,Smiling Sun Wall Clock,Yellow,Plastic,1 piece,TimeTeller,Happy,$20 ,
27,Jubilant Journal Set,Assorted,Paper,Set of 3,WriteAway,Happy,$10 ,
28,Happy Camper Tent,Green,Polyester,1 tent,OutdoorOasis,Happy,$50 ,
29,Cheerful Child's Playhouse,Pink,Plastic,1 playhouse,KidzKorner,Happy,$80 ,
30,Whimsical Wind Chimes,Silver,Metal,1 set,MelodicBreeze,Happy,$18 ,
31,Euphoric Essential Oil Diffuser,White,Plastic,1 diffuser,AromaBliss,Happy,$35 ,
32,Happy Hiking Backpack,Blue,Nylon,1 piece,TrailTrekk,Happy,$45 ,
33,Sunny Side Salad Bowl,Yellow,Plastic,1 bowl,FreshFare,Happy,$12 ,
34,Ecstatic Exercise Ball,Red,PVC,1 ball,FitFun,Happy,$20 ,
35,Joyful Juggling Balls,Multicolor,Vinyl,Set of 3,CircusSkills,Happy,$10 ,
36,Grinning Garden Gnome,Red,Resin,1 piece,GardenGlee,Happy,$15 ,
37,Beaming Bookshelf,Brown,Wood,1 piece,Bookworm,Happy,$60 ,
38,Radiant Recipe Book,Assorted,Paper,1 book,CookingCraze,Happy,$25 ,
39,Vibrant Vegetable Spiralizer,Green,Plastic,1 piece,HealthyEats,Happy,$15 ,
40,Smiling Stationery Set,Assorted,Paper,Set of 10,WriteNow,Happy,$8 ,
41,Happy Hammock,Blue,Cotton,1 hammock,RelaxRoo,Happy,$40 ,
42,Delighted Desk Organizer,Pink,Plastic,1 organizer,OfficeJoy,Happy,$15 ,
43,Cheerful Cookie Cutters,Assorted,Metal,Set of 6,BakeBliss,Happy,$10 ,
44,Joyful Jewelry Box,Pink,Wood,1 box,JewelGlow,Happy,$20 ,
45,Sunny Side Picnic Blanket,Yellow,Polyester,1 blanket,PicnicParadise,Happy,$30 ,
46,Laughing Laptop Sleeve,Blue,Neoprene,1 sleeve,TechTrend,Happy,$15 ,
47,Ecstatic Earphones,White,Plastic,1 pair,SoundScape,Happy,$25 ,
48,Merry Mixer,Silver,Stainless Steel,1 mixer,BakeMaster,Happy,$50 ,
49,Glowing Garden Lights,Green,Plastic,1 set,GardenGlow,Happy,$20 ,
50,Cheerful Chef's Knife Set,Assorted,Stainless Steel,Set of 5,KitchenKing,Happy,$40 ,
51,Happy Hairbrush,Pink,Plastic,1 brush,HairHeaven,Happy,$10 ,
52,Radiant Running Shoes,Blue,Mesh,1 pair,RunRight,Happy,$60 ,
53,Smiling Soccer Ball,White,Synthetic,1 ball,SoccerStars,Happy,$20 ,
54,Blissful Bathrobe,White,Cotton,1 robe,SpaSerenity,Happy,$30 ,
55,Beaming Backpack,Blue,Nylon,1 backpack,AdventureAwaits,Happy,$25 ,
56,Joyous Jump Rope,Assorted,Plastic,1 rope,FitFrenzy,Happy,$5 ,
57,Vibrant Vacuum Cleaner,Red,Plastic,1 cleaner,CleanSweep,Happy,$100 ,
58,Delighted Dog Bed,Assorted,Polyester,1 bed,PetParadise,Happy,$35 ,
59,Cheerful Coffee Table Book,Assorted,Paper,1 book,CoffeeCraze,Happy,$20 ,
60,Euphoric Exercise Mat,Purple,Foam,1 mat,FitnessFusion,Happy,$20 ,
61,Sunny Side Salad Spinner,Green,Plastic,1 spinner,FreshFare,Happy,$15 ,
62,Radiant Rain Boots,Yellow,Rubber,1 pair,RainyDays,Happy,$30 ,
63,Merry Messenger Bag,Brown,Canvas,1 bag,OnTheGo,Happy,$40 ,
64,Beaming Baby Blanket,Pink,Fleece,1 blanket,TinyTots,Happy,$20 ,
65,Cheerful Chef's Hat,White,Cotton,1 hat,KitchenJoy,Happy,$8 ,
66,Joyous Jumping Jacks,Assorted,Plastic,Set of 3,PlayfulFit,Happy,$12 ,
67,Ecstatic Earbuds,Black,Plastic,1 pair,SoundScape,Happy,$30 ,
68,Happy Hedgehog Figurine,Brown,Resin,1 figurine,HomeHarmony,Happy,$10 ,
69,Blissful Bath Mat,White,Cotton,1 mat,BathBliss,Happy,$15 ,
70,Vibrant Vegetable Peeler,Assorted,Plastic,1 peeler,KitchenGadget,Happy,$5 ,
71,Glowing Night Light,Assorted,Plastic,1 light,BrightNights,Happy,$8 ,
72,Happy Hot Water Bottle,Pink,Rubber,1 bottle,WarmWishes,Happy,$12 ,
73,Radiant Room Divider,Assorted,Wood,1 divider,SpaceSaver,Happy,$50 ,
74,Smiling Sun Hat,Yellow,Straw,1 hat,SunshineStyle,Happy,$15 ,
75,Euphoric Earrings,Assorted,Metal,1 pair,JewelGlow,Happy,$25 ,
76,Laughing Luggage Set,Assorted,Polyester,Set of 3,TravelTrend,Happy,$80 ,
77,Whimsical Wall Art,Assorted,Canvas,1 piece,ArtisticAura,Happy,$40 ,
78,Jovial Journal,Assorted,Paper,1 journal,WriteAway,Happy,$10 ,
79,Ecstatic Espresso Machine,Silver,Stainless Steel,1 machine,CoffeeCraze,Happy,$150 ,
80,Sunny Side Sunglasses,Assorted,Plastic,1 pair,SunshineStyle,Happy,$20 ,
81,Happy Hiking Boots,Brown,Leather,1 pair,TrailTrekk,Happy,$80 ,
82,Radiant Reading Lamp,Assorted,Metal,1 lamp,ReadingRays,Happy,$30 ,
83,Smiling Stapler,Blue,Plastic,1 stapler,OfficeJoy,Happy,$5 ,
84,Beaming Beach Ball,Assorted,Vinyl,1 ball,BeachBliss,Happy,$8 ,
85,Joyful Jigsaw Puzzle,Assorted,Cardboard,1 puzzle,PuzzlePlay,Happy,$10 ,
86,Vibrant Vinyl Records,Assorted,Vinyl,Set of 5,RetroVibe,Happy,$50 ,
87,Delighted Desk Calendar,Assorted,Paper,1 calendar,OfficeJoy,Happy,$12 ,
88,Cheerful Cooking Utensils,Assorted,Silicone,Set of 5,KitchenKing,Happy,$20 ,
89,Euphoric Exercise Band,Assorted,Latex,1 band,FitFrenzy,Happy,$10 ,
90,Sunny Side Shower Curtain,Yellow,Polyester,1 curtain,BathBliss,Happy,$25 ,
91,Glowing Globe Lamp,Assorted,Plastic,1 lamp,GlobalGlow,Happy,$15 ,
92,Blissful Baking Set,Assorted,Bakeware,Set of 10,BakeBliss,Happy,$30 ,
93,Merry Music Notes Mug,White,Ceramic,1 mug,MelodyMagic,Happy,$8 ,
94,Beaming Bookshelf,White,Wood,1 bookshelf,Bookworm,Happy,$60 ,
95,Joyous Jumping Castle,Assorted,Plastic,1 castle,KidzKorner,Happy,$150 ,
96,Radiant Rainbow Lanyard,Assorted,Nylon,1 lanyard,ColorCraze,Happy,$5 ,
97,Happy Headphones Stand,Black,Plastic,1 stand,SoundScape,Happy,$15 ,
98,Cheerful Colorful Crayons,Assorted,Wax,Set of 24,CreativeCanvas,Happy,$10 ,
99,Ecstatic Exercise Ball,Blue,PVC,1 ball,FitFrenzy,Happy,$20 ,
100,Sunny Side Backpack,Yellow,Canvas,1 backpack,AdventureGear,Happy,$30 ,
101,Tearful T-shirt,Gray,Cotton,1 piece,SullenWear,Sad,$20 ,
102,Melancholic Maxi Dress,Black,Polyester,1 piece,GloomyFashion,Sad,$35 ,
103,Sorrowful Emoji Pillow,Blue,Velvet,1 piece,LonelyHome,Sad,$15 ,
104,Depressed Coffee Mug,Black,Ceramic,1 piece,GloomBrew,Sad,$10 ,
105,Weeping Baby Onesie,Gray,Cotton,1 piece,TinyTears,Sad,$25 ,
106,Dreary Dark Socks,Black,Cotton Blend,1 pair,SolemnSocks,Sad,$8 ,
107,Crying Clown Backpack,Red,Canvas,1 piece,SorrowfulSack,Sad,$30 ,
108,Gloomy Gin Glass,Gray,Glass,1 piece,MistyMood,Sad,$40 ,
109,Rainy Day Umbrella,Gray,Polyester,1 piece,DrearyDays,Sad,$18 ,
110,Puzzled Puzzle,Gray,Cardboard,1 piece,PuzzlePlight,Sad,$12 ,
111,Tear-Stained Teddy Bear,Gray,Plush,1 piece,SorrowfulSnuggle,Sad,$15 ,
112,Desolate Energy Drink,Gray,Energy Drink,1 can,Drained,Sad,$3 ,
113,Sullen Ceramic Plant Pot,Gray,Ceramic,1 piece,DroopyGardens,Sad,$10 ,
114,Dismal Bath Bomb Set,Gray,Bath Bomb,Set of 6,SoggySerenity,Sad,$25 ,
115,Drizzly Day Umbrella,Gray,Polyester,1 piece,DampDaze,Sad,$20 ,
116,Moody Music Box,Black,Wood,1 piece,MelancholyMelodies,Sad,$30 ,
117,Gloomy LED String Lights,Gray,LED,1 set,DullGlow,Sad,$15 ,
118,Lonesome Plant Set,Gray,Plants,Set of 3,LonelyLeaves,Sad,$25 ,
119,Somber Aromatherapy Candle,Gray,Soy Wax,1 candle,SorrowScent,Sad,$12 ,
120,Solemn Yoga Mat,Gray,Eco-Friendly PVC,1 piece,YogaGloom,Sad,$30 ,
121,Mournful Chef's Apron,Black,Cotton,1 piece,KitchenSorrow,Sad,$15 ,
122,Dull Watercolor Paint Set,Gray,Watercolor,Set of 12,ColorlessCanvas,Sad,$20 ,
123,Sorrowful Dog Chew Toy,Gray,Rubber,1 piece,MopeyMutt,Sad,$8 ,
124,Downcast Gaming Mouse,Gray,Plastic,1 piece,GameGloom,Sad,$40 ,
125,Gray Day Egg Pan,Gray,Non-Stick,1 pan,MorningMourning,Sad,$25 ,
126,Dreary Wall Clock,Gray,Plastic,1 piece,TimelessTears,Sad,$20 ,
127,Sorrowful Journal Set,Gray,Paper,Set of 3,WritingWoes,Sad,$10 ,
128,Despairing Camper Tent,Gray,Polyester,1 tent,DampDwell,Sad,$50 ,
129,Lonely Child's Playhouse,Gray,Plastic,1 playhouse,KidzKorner,Sad,$80 ,
130,Sobbing Wind Chimes,Gray,Metal,1 set,WeepingWind,Sad,$18 ,
131,Dreary Essential Oil Diffuser,Gray,Plastic,1 diffuser,AromaAnguish,Sad,$35 ,
132,Misty Hiking Backpack,Gray,Nylon,1 piece,TrailTears,Sad,$45 ,
133,Tearful Salad Bowl,Gray,Plastic,1 bowl,FreshFrown,Sad,$12 ,
134,Despondent Exercise Ball,Gray,PVC,1 ball,FitFlop,Sad,$20 ,
135,Sullen Juggling Balls,Gray,Vinyl,Set of 3,CircusSighs,Sad,$10 ,
136,Melancholy Garden Gnome,Gray,Resin,1 piece,GardenGloom,Sad,$15 ,
137,Damp Bookshelf,Gray,Wood,1 piece,BookBlues,Sad,$60 ,
138,Weeping Recipe Book,Gray,Paper,1 book,CookingCries,Sad,$25 ,
139,Sorrowful Vegetable Spiralizer,Gray,Plastic,1 piece,KitchenCry,Sad,$15 ,
140,Tear-Stained Stationery Set,Gray,Paper,Set of 10,WritingWoes,Sad,$8 ,
141,Gloomy Hammock,Gray,Cotton,1 hammock,WeepyWanderer,Sad,$40 ,
142,Damp Desk Organizer,Gray,Plastic,1 organizer,OfficeOoze,Sad,$15 ,
143,Sorrowful Cookie Cutters,Gray,Metal,Set of 6,BakeBawl,Sad,$10 ,
144,Melancholy Jewelry Box,Gray,Wood,1 box,JewelGloom,Sad,$20 ,
145,Gloomy Picnic Blanket,Gray,Polyester,1 blanket,PicnicPain,Sad,$30 ,
146,Weeping Laptop Sleeve,Gray,Neoprene,1 sleeve,TechTears,Sad,$15 ,
147,Desperate Earphones,Gray,Plastic,1 pair,SoundSob,Sad,$25 ,
148,Sorrowful Mixer,Gray,Stainless Steel,1 mixer,BakeBawl,Sad,$50 ,
149,Despairing Garden Lights,Gray,Plastic,1 set,GardenGloom,Sad,$20 ,
150,Depressed Chef's Knife Set,Gray,Stainless Steel,Set of 5,KitchenCry,Sad,$40 ,
151,Sobbing Hairbrush,Gray,Plastic,1 brush,HairHurt,Sad,$10 ,
152,Doomed Running Shoes,Gray,Mesh,1 pair,RunRegret,Sad,$60 ,
153,Weeping Soccer Ball,Gray,Synthetic,1 ball,SoccerSigh,Sad,$20 ,
154,Desolate Bathrobe,Gray,Cotton,1 robe,SpaSobs,Sad,$30 ,
155,Gloomy Backpack,Gray,Nylon,1 backpack,AdventureAlone,Sad,$25 ,
156,Mournful Jump Rope,Gray,Plastic,1 rope,FitFlop,Sad,$5 ,
157,Weeping Vacuum Cleaner,Gray,Plastic,1 cleaner,CleanCries,Sad,$100 ,
158,Depressed Dog Bed,Gray,Polyester,1 bed,PetPain,Sad,$35 ,
159,Sorrowful Coffee Table Book,Gray,Paper,1 book,CoffeeCries,Sad,$20 ,
160,Doomed Exercise Mat,Gray,Foam,1 mat,FitnessFailure,Sad,$20 ,
161,Solemn Salad Spinner,Gray,Plastic,1 spinner,FreshFrown,Sad,$15 ,
162,Depressing Rain Boots,Gray,Rubber,1 pair,RainRegret,Sad,$30 ,
163,Despondent Messenger Bag,Gray,Canvas,1 bag,OnTheGo,Sad,$40 ,
164,Mournful Baby Blanket,Gray,Fleece,1 blanket,TinyTears,Sad,$20 ,
165,Sorrowful Chef's Hat,Gray,Cotton,1 hat,KitchenCry,Sad,$8 ,
166,Weeping Jumping Jacks,Assorted,Plastic,Set of 3,PlayfulPain,Sad,$12 ,
167,Despondent Earbuds,Gray,Plastic,1 pair,SoundSob,Sad,$30 ,
168,Sad Hedgehog Figurine,Gray,Resin,1 figurine,HomeHurt,Sad,$10 ,
169,Sorrowful Bath Mat,Gray,Cotton,1 mat,BathBlues,Sad,$15 ,
170,Mournful Vegetable Peeler,Gray,Plastic,1 peeler,KitchenCry,Sad,$5 ,
171,Weeping Night Light,Gray,Plastic,1 light,DullDarkness,Sad,$8 ,
172,Depressed Hot Water Bottle,Gray,Rubber,1 bottle,WarmWail,Sad,$12 ,
173,Despairing Room Divider,Gray,Wood,1 divider,SpaceSob,Sad,$50 ,
174,Solemn Sun Hat,Gray,Straw,1 hat,SunsetSorrow,Sad,$15 ,
175,Sorrowful Earrings,Gray,Metal,1 pair,JewelGloom,Sad,$25 ,
176,Weeping Luggage Set,Gray,Polyester,Set of 3,TravelTears,Sad,$80 ,
177,Dreary Wall Art,Gray,Canvas,1 piece,ArtisticAnguish,Sad,$40 ,
178,Doomed Journal,Gray,Paper,1 journal,WritingWoes,Sad,$10 ,
179,Depressing Espresso Machine,Gray,Stainless Steel,1 machine,CoffeeCries,Sad,$150 ,
180,Weeping Sunglasses,Gray,Plastic,1 pair,GloomGaze,Sad,$20 ,
181,Doomed Hiking Boots,Gray,Leather,1 pair,TrailTears,Sad,$80 ,
182,Sullen Reading Lamp,Gray,Metal,1 lamp,ReadingRegret,Sad,$30 ,
183,Desperate Stapler,Gray,Plastic,1 stapler,OfficeOoze,Sad,$5 ,
184,Weeping Beach Ball,Gray,Vinyl,1 ball,BeachBlues,Sad,$8 ,
185,Melancholy Jigsaw Puzzle,Gray,Cardboard,1 puzzle,PuzzlePain,Sad,$10 ,
186,Doomed Vinyl Records,Gray,Vinyl,1 record,SilentSongs,Sad,$5 ,
187,Misty Desk Calendar,Gray,Paper,1 calendar,OfficeOoze,Sad,$12 ,
188,Sorrowful Cooking Utensils,Gray,Silicone,Set of 5,KitchenCry,Sad,$20 ,
189,Despondent Exercise Band,Gray,Latex,1 band,FitFlop,Sad,$10 ,
190,Weeping Shower Curtain,Gray,Polyester,1 curtain,BathBlues,Sad,$25 ,
191,Mournful Globe Lamp,Gray,Plastic,1 lamp,GlobalGloom,Sad,$15 ,
192,Sorrowful Baking Set,Gray,Bakeware,Set of 10,BakeBawl,Sad,$30 ,
193,Melancholy Music Notes Mug,Gray,Ceramic,1 mug,MelancholyMelodies,Sad,$8 ,
194,Damp Bookshelf,Gray,Wood,1 bookshelf,BookBlues,Sad,$60 ,
195,Weeping Jumping Castle,Gray,Plastic,1 castle,KidzKorner,Sad,$150 ,
196,Dreary Rainbow Lanyard,Gray,Nylon,1 lanyard,ColorlessComfort,Sad,$5 ,
197,Desperate Headphones Stand,Gray,Plastic,1 stand,SoundSob,Sad,$15 ,
198,Sorrowful Colorful Crayons,Multicolor,Wax,Set of 24,CreativeCry,Sad,$10 ,
199,Mournful Exercise Ball,Gray,PVC,1 ball,FitFlop,Sad,$20 ,
200,Doomed Backpack,Gray,Canvas,1 backpack,AdventureAlone,Sad,$30 ,
201,EverHold Clip,Black,Plastic,12 pack,SimpleHold,Neutral,$2.99 ,
202,StackMaster Bins,Clear,Recycled Plastic,Set of 3,OrganizeIt,Neutral,$9.99 ,
203,CozyComfort Throw,Gray,Microfiber,1,SnuggleUp,Neutral,$19.99 ,
204,HandyHook Hangers,Silver,Stainless Steel,6 hooks,HangItAll,Neutral,$7.99 ,
205,EverBright Desk Lamp,White,Metal,1,LightenUp,Neutral,$14.99 ,
206,DailyNotes Journal,Beige,Leather,1,WriteOn,Neutral,$12.99 ,
207,SipSip Travel Mug,Teal,Stainless Steel,16 oz,HydrateWell,Neutral,$17.99 ,
208,SteadyGrip Phone Stand,Black,Plastic,1,HoldItSteady,Neutral,$9.99 ,
209,DailyFresh Produce Bags,Reusable,Cotton,5 pack,EcoGreen,Neutral,$4.99 ,
210,AllCharge Cable,Black,Nylon,1 meter,PowerUp,Neutral,$7.99 ,
211,Classic Canvas Tote,Natural,Cotton Canvas,1,CarryWell,Neutral,$14.99 ,
212,MemoCube Notepad,White,Paper,1,NoteItDown,Neutral,$3.99 ,
213,LumiLux Desk Lamp,Black,Metal,1,BrightenUp,Neutral,$24.99 ,
214,ComfyFit Socks,Gray,Cotton Blend,3 pairs,StepRight,Neutral,$9.99 ,
215,StoreSmart Containers,Clear,Plastic,4 pack,KeepItFresh,Neutral,$8.99 ,
216,RelaxSpa Bathrobe,White,Microfiber,1,SootheIt,Neutral,$29.99 ,
217,TravelTech Organizer,Black,Polyester,1,PackItEasy,Neutral,$12.99 ,
218,SpillSafe Tumbler,Clear,Tritan Plastic,16 oz,SipSafe,Neutral,$14.99 ,
219,GripTight Phone Case,Black,Silicone,1,HoldOn,Neutral,$11.99 ,
220,FreshBrew Coffee Maker,Black,Plastic and Stainless Steel,1,CoffeeCravings,Neutral,$29.99 ,
221,CleanSweep Vacuum Cleaner,Red,Plastic,1,DirtBusters,Neutral,$79.99 ,
222,SoundWave Headphones,Black,Plastic and Leather,1,HearItAll,Neutral,$49.99 ,
223,NutriBlend Blender,Silver,Plastic and Stainless Steel,1,HealthyChoices,Neutral,$34.99 ,
224,ComfortZone Pillow,White,Cotton and Memory Foam,1,SleepSoundly,Neutral,$24.99 ,
225,BrightDay Lightbox,White,Plastic,1,LightTherapy,Neutral,$59.99 ,
226,FreshAir Diffuser,White,Ceramic,1,Scentsational,Neutral,$29.99 ,
227,FlexFit Yoga Mat,Purple,PVC,1,MoveIt,Neutral,$19.99 ,
228,CookSmart Pressure Cooker,Silver,Stainless Steel,1,MealTimeMagic,Neutral,$44.99 ,
229,SparklingIce Water Filter,White,Plastic,1,Pure,Neutral,$19.99 ,
230,ClipIn Reading Glasses,Black,Plastic,1 pair,SeeClearly,Neutral,$12.99 ,
231,Weekender Duffel Bag,Blue,Canvas,1,TravelLight,Neutral,$39.99 ,
232,CozyNight Pajamas,Gray,Fleece,Set,SleepyTime,Neutral,$24.99 ,
233,SparkClean Mop,White and Blue,Microfiber,1,ShineBright,Neutral,$29.99 ,
234,NutriStore Food Containers,Clear,Plastic,Set of 5,FreshLock,Neutral,$14.99 ,
235,FlavorWave Air Fryer,Black,Plastic and Stainless Steel,1,CrispyCravings,Neutral,$69.99 ,
236,EverSharp Knife Set,Silver,Stainless Steel,3 piece set,CutClean,Neutral,$39.99 ,
237,BloomGarden Watering Can,Green,Plastic,1 gallon,GrowGreen,Neutral,$9.99 ,
238,CozyLounge Blanket,Beige,Sherpa Fleece,1,SnuggleUp,Neutral,$29.99 ,
239,HandyCraft Tool Kit,Red,Plastic and Metal,10 piece set,FixItFast,Neutral,$19.99 ,
240,BrightEyes Desk Lamp,White,Metal,1,LightenUp,Neutral,$19.99 ,
241,TravelEase Neck Pillow,Gray,Memory Foam,1,RestEasy,Neutral,$14.99 ,
242,SparklingShine Jewelry Cleaner,Pink,Plastic,1 bottle,DazzleIt,Neutral,$9.99 ,
243,FreshBrew Coffee Pods,Variety Pack,Coffee,30 count,CoffeeCravings,Neutral,$9.99 ,
244,SoundWave Portable Speaker,Black,Plastic,1,HearItAll,Neutral,$39.99 ,
245,Weekender Toiletry Bag,Clear,PVC,1,PackItPerfect,Neutral,$12.99 ,
246,EverFresh Air Freshener,Lavender,Plastic,1 spray,Scentsational,Neutral,$5.99 ,
247,EverScrub Dish Brush,Yellow,Plastic,1,CleanDishes,Neutral,$2.99 ,
248,SparklingShine Jewelry Box,White,Faux Leather,1,TreasureIt,Neutral,$19.99 ,
249,NutriBowl Meal Prep Kit,Green,Plastic,Set of 3,FreshChoices,Neutral,$12.99 ,
250,FlavorWave Waffle Maker,Black,Plastic and Stainless Steel,1,BreakfastTime,Neutral,$39.99 ,
251,EverStore Storage Bins,Clear,Plastic,Set of 2,OrganizeIt,Neutral,$14.99 ,
252,BloomGarden Seed Starter Kit,Green,Plastic,Kit,GrowGreen,Neutral,$14.99 ,
253,CozyLounge Slippers,Gray,Microfiber,1 pair,SnuggleUp,Neutral,$19.99 ,
254,HandyCraft Screwdriver Set,Yellow,Plastic and Metal,8 piece set,FixItFast,Neutral,$12.99 ,
255,BrightEyes Reading Lamp,Black,Metal,1,LightenUp,Neutral,$24.99 ,
256,TravelEase Eye Mask,Black,Soft Fabric,1,RestEasy,Neutral,$9.99 ,
257,SparklingShine Makeup Brush Cleaner,Pink,Plastic,1 bottle,DazzleIt,Neutral,$7.99 ,
258,FreshBrew K-Cup Coffee Pods,Variety Pack,Coffee,36 count,CoffeeCravings,Neutral,$12.99 ,
259,SoundWave Wireless Headphones,Black,Plastic and Leather,1,HearItAll,Neutral,$69.99 ,
260,Weekender Laundry Bag,Black,Mesh,1,PackItPerfect,Neutral,$8.99 ,
261,EverFresh Dryer Sheets,Fresh Linen Scent,Fabric,100 count,Scentsational,Neutral,$5.99 ,
262,EverScrub Sponge Set,Multicolor,Sponge,4 pack,CleanDishes,Neutral,$4.99 ,
263,SparklingShine Makeup Organizer,Clear,Plastic,1,TreasureIt,Neutral,$14.99 ,
264,NutriStore Snack Containers,Clear,Plastic,Set of 3,FreshChoices,Neutral,$9.99 ,
265,FlavorWave Sandwich Maker,Black,Plastic and Stainless Steel,1,LunchTime,Neutral,$29.99 ,
266,EverStore Storage Tote,Gray,Fabric with Zipper,1,OrganizeIt,Neutral,$19.99 ,
267,BloomGarden Gardening Gloves,Green,Cotton and Rubber,1 pair,GrowGreen,Neutral,$9.99 ,
268,CozyLounge Bathrobe,White,Microfiber,1,SnuggleUp,Neutral,$39.99 ,
269,HandyCraft Hammer,Red,Metal and Rubber,1,FixItFast,Neutral,$9.99 ,
270,BrightEyes Desk Organizer,Black,Mesh,1,LightenUp,Neutral,$12.99 ,
271,TravelEase Sleep Set,Blue,Soft Fabric,Includes Eye Mask,RestEasy,Neutral,$14.99 ,
272,SparklingShine Nail Polish Remover,Pink,Plastic bottle,1 bottle,DazzleIt,Neutral,$5.99 ,
273,FreshBrew Coffee Grounds,Medium Roast,Coffee,12 oz bag,CoffeeCravings,Neutral,$8.99 ,
274,SoundWave Earbuds,Black,Plastic and Silicone,1 pair,HearItAll,Neutral,$29.99 ,
275,Weekender Packing Cubes,Black,Nylon,Set of 3,PackItPerfect,Neutral,$19.99 ,
276,EverFresh Fabric Softener,Lavender Scent,Liquid,50 oz bottle,Scentsational,Neutral,$7.99 ,
277,SparkClean Mop Bucket Set,Blue and White,Plastic,1 set,ShineBright,Neutral,$39.99 ,
278,DailyNotes Sticky Notes,Yellow,Paper,100 sheets,WriteOn,Neutral,$3.99 ,
279,SparkClean Toilet Bowl Cleaner,Blue,Plastic bottle,1 bottle,ShineBright,Neutral,$4.99 ,
280,NutriStore Snack Bags,Blue and White,Plastic,Set of 5,FreshChoices,Neutral,$7.99 ,
281,FlavorWave Popcorn Maker,Black,Plastic and Stainless Steel,1,MovieNight,Neutral,$34.99 ,
282,EverStore Storage Drawer,White,Plastic,1,OrganizeIt,Neutral,$12.99 ,
283,BloomGarden Watering Can,Green,Metal,1 gallon,GrowGreen,Neutral,$14.99 ,
284,CozyLounge Fleece Blanket,Gray,Fleece,1,SnuggleUp,Neutral,$34.99 ,
285,HandyCraft Tool Set,Red,Plastic and Metal,20 piece set,FixItFast,Neutral,$29.99 ,
286,BrightEyes Table Lamp,Silver,Metal,1,LightenUp,Neutral,$29.99 ,
287,TravelEase Travel Pillow,Black,Memory Foam,1,RestEasy,Neutral,$19.99 ,
288,SparklingShine Lint Roller,White,Plastic,1,DazzleIt,Neutral,$4.99 ,
289,FreshBrew Coffee Filters,Brown,Paper,100 count box,CoffeeCravings,Neutral,$4.99 ,
290,SoundWave Portable Speaker (Mini),Black,Plastic,1,HearItAll,Neutral,$24.99 ,
291,Weekender Shoe Bag,Black,Non-woven Fabric,1,PackItPerfect,Neutral,$9.99 ,
292,EverFresh Laundry Detergent,white,Liquid,50 oz bottle,Scentsational,Neutral,$8.99 ,
293,SparkClean Multi-Surface Cleaner,Green,Plastic bottle,1 bottle,ShineBright,Neutral,$6.99 ,
294,DailyNotes Planner,Black,Paper,1,WriteOn,Neutral,$14.99 ,
295,SparkClean Disinfecting Wipes,White,Polyester,80 wipes,Dettol,Neutral,$5.99 ,
296,NutriStore Food Storage Containers,Blue,Plastic,Set of 4,FreshChoices,Neutral,$19.99 ,
297,FlavorWave Ice Cream Maker,White,Plastic and Stainless Steel,1,SweetTreats,Neutral,$49.99 ,
298,EverStore Storage Shelf,Black,Metal,1,OrganizeIt,Neutral,$24.99 ,
299,StreamLine Water Bottle,Navy,Tritan Plastic,24 oz,HydrationFlow,Neutral,$19.99 ,
300,Commuter Backpack,Black,Polyester,1 bag,CarryAll,Neutral,$39.99 ,
301,Whimsical Mystery Box,Assorted,Cardboard,1 box,CuriousCrate,Surprise,$30 ,
302,Sparkling Surprise Earrings,Silver,Zirconia,1 pair,GlimmerGems,Surprise,$50 ,
303,Enigmatic Puzzle Set,Multicolor,Cardboard,1 set,PuzzlePalace,Surprise,$35 ,
304,Wonderland Tea Set,Blue and White,Porcelain,5 set,MysticChina,Surprise,$45 ,
305,Mystifying Magic Kit,Black,Cardoard,1 kit,EnigmaEmporium,Surprise,$55 ,
306,Surprise Box of Art Supplies,Assorted,Plastic,1 box,CreativityCove,Surprise,$40 ,
307,Enchanted Fairy Lights,Warm White,LED,1 set,GlowMagic,Surprise,$25 ,
308,Secret Message Journal,Red,Paper,1 piece,MysteryMemos,Surprise,$20 ,
309,Curiosity-Inducing Book Set,Assorted,Paper,20 books,WhimsyReads,Surprise,$60 ,
310,Surprising Board Game,Assorted,Cardboard,1 game,PlayfulPuzzles,Surprise,$30 ,
311,Mystery Scented Candles,Assorted,Soy Wax,6 set,WhiffOfWonder,Surprise,$35 ,
312,bath bomb,Assorted,Bath bomb,1 chest,SecretStash,Surprise,$75 ,
313,Surprising Succulent Collection,Assorted,Live Plants,12 set,MysticGreens,Surprise,$40 ,
314,Unexpected Stationery Set,Assorted,Paper,10,SurpriseStation,Surprise,$25 ,
315,Whimsical Wind Chimes,Multicolor,Metal,1 set,ChimeCharms,Surprise,$30 ,
316,Mysterious Music Box,Brown,Wood,1 piece,MelodyMystery,Surprise,$50 ,
317,Surprise Bath Bomb Set,Assorted,Bath bomb,4 bombs,BathBliss,Surprise,$30 ,
318,Magic Trick Collection,Assorted,Various,1 set,EnigmaEntertain,Surprise,$40 ,
319,Whimsical Wall Art,Assorted,Canvas,1 piece,ArtisticAdventures,Surprise,$35 ,
320,Surprise Adventure Map,Assorted,Paper,1 piece,WanderWonder,Surprise,$25 ,
321,Mystical Crystal Ball,Clear,Glass,1 piece,CrystalVisions,Surprise,$55 ,
322,Surprising Cookie Cutter Set,Assorted,Stainless Steel,1 set,SweetSurprises,Surprise,$20 ,
323,Whimsical Pillow Covers,Assorted,Cotton,2,CozyCraze,Surprise,$30 ,
324,Surprising Plant Pot Set,Assorted,Ceramic,4,GardenGlee,Surprise,$40 ,
325,Enchanted Fairy Door,Assorted,Wood,1 piece,FairyFascination,Surprise,$35 ,
326,Surprise Cookie Mix Set,Assorted,Cardboard,4 boxes,CookieCravings,Surprise,$25 ,
327,Mystery Board Game Expansion,Various,Cardboard,1 expansion,GameGalaxy,Surprise,$20 ,
328,Surprising DIY Craft Kit,Assorted,Cardboard,1 kit,CraftyCreatives,Surprise,$30 ,
329,Whimsical Wall Clock,Assorted,Wood,1 piece,TickTockSurprise,Surprise,$45 ,
330,Surprise Party Decorations,Assorted,Various,1 set,PartyPleasures,Surprise,$40 ,
331,Mystifying Mask Set,Assorted,Cotton,4,MasqueradeMagic,Surprise,$25 ,
332,Secret Stash of Tea Sampler,Assorted,Tea Leaves,7,TeaTreasures,Surprise,$30 ,
333,Whimsical Bookmark Collection,Assorted,Paper,12,BookishDelights,Surprise,$15 ,
334,Surprising Pet Toy Bundle,Assorted,Various,17,FurryFriendsFinds,Surprise,$25 ,
335,Mystical Dreamcatcher,Assorted,Feathers,1 piece,DreamWeaver,Surprise,$20 ,
336,Surprise Travel Journal,Assorted,Paper,1 piece,JourneyJottings,Surprise,$30 ,
337,Mystery Snack Box,Assorted,Plastic,3 boxes,SnackSurprise,Surprise,$20 ,
338,Whimsical Fairy Tale Book Set,Various,Paper,10 set,FairyTaleFinds,Surprise,$50 ,
339,Surprising Kitchen Gadgets,Assorted,Copper base,20,KitchenCurios,Surprise,$45 ,
340,Enigmatic Tarot Card Set,Assorted,Cardstock,1 set,TarotMystique,Surprise,$40 ,
341,Whimsical Keychain Collection,Assorted,Metal,5,KeyToSurprise,Surprise,$15 ,
342,Surprise DIY Candle Kit,Assorted,Wax,1 kit,CandleCrafters,Surprise,$25 ,
343,Mystery Movie Night Bundle,Assorted,DVDs,1 bundle,FilmFiesta,Surprise,$30 ,
344,Whimsical Fairy Garden Kit,Assorted,Various,1 kit,FairylandFancies,Surprise,$35 ,
345,Surprising Home Decor Set,Assorted,Various,1 set,HomeHarmony,Surprise,$60 ,
346,Mystical Crystal Necklace,Assorted,Crystal,1 piece,CrystalCharms,Surprise,$40 ,
347,Whimsical Jigsaw Puzzle,Assorted,Cardboard,1 puzzle,PuzzlePleasures,Surprise,$20 ,
348,Surprise Baking Essentials,Assorted,Various,50 items,BakeBox,Surprise,$70 ,
349,Enigmatic Dream Journal,Assorted,Paper,1 piece,Dreamer'sDelight,Surprise,$25 ,
350,Whimsical Wall Decals,Assorted,Vinyl,1 set,DecoDelights,Surprise,$20 ,
351,Surprising Plant Seeds,Assorted,Lotus,20 seeds,SeedSensations,Surprise,$15 ,
352,Mystical Crystal Ball Keychain,Assorted,Crystal,1 piece,CrystalCharms,Surprise,$10 ,
353,Whimsical Rainbow Suncatcher,Multicolor,Glass,1 piece,SunshineSurprise,Surprise,$20 ,
354,Surprise Puzzle Mat Set,Assorted,Foam,1 set,PuzzlePlaytime,Surprise,$25 ,
355,Enigmatic Escape Room Kit,Various,Paper,1 kit,EscapeEnigma,Surprise,$50 ,
356,Whimsical Novelty Socks,Assorted,Cotton,5 pairs,SockSurprise,Surprise,$15 ,
357,Surprising Makeup Palette,Assorted,Plastic,1 palette,MakeupMagic,Surprise,$30 ,
358,Mystical Crystal Ball Sphere,Clear,Crystal,1 piece,CrystalCharms,Surprise,$60 ,
359,Whimsical Wine Glass Set,Assorted,Glass,6 glasses,WineWonders,Surprise,$35 ,
360,Surprising Bath Towel Set,Assorted,Cotton,6 towels,BathBliss,Surprise,$40 ,
361,Enchanted Forest Coloring Book,Assorted,Paper,1 book,ColoringCraze,Surprise,$10 ,
362,Surprise Puzzle Book Set,Assorted,Paperback,1 set,PuzzleMania,Surprise,$25 ,
363,Whimsical Throw Pillow Set,Assorted,Cotton,5 pillows,CozyCraze,Surprise,$30 ,
364,Surprising Gourmet Coffee Sampler,Assorted,Coffee Beans,1 set,CoffeeCraze,Surprise,$35 ,
365,Mystical Crystal Ball Pendant,Assorted,Crystal,1 piece,CrystalCharms,Surprise,$25 ,
366,Whimsical Phone Case Collection,Assorted,Plastic,6 cases,PhonePizzazz,Surprise,$20 ,
367,Surprising Cookie Decorating Kit,Assorted,Various,1 kit,CookieCreations,Surprise,$30 ,
368,Enigmatic Lava Lamp,Assorted,Glass,1 piece,LuminousLava,Surprise,$40 ,
369,Whimsical Wall Art Print Set,Assorted,Paper,3,ArtisticAdventures,Surprise,$25 ,
370,Surprising Bath Bomb Collection,Assorted,Essential Oils,6,BathBliss,Surprise,$30 ,
371,Mystery Novel Collection,Various,Paperback,1 set,WhodunitWonders,Surprise,$35 ,
372,Whimsical Fairy Door Key,Assorted,Metal,1 piece,FairyFascination,Surprise,$10 ,
373,Surprise Snack Bowl Set,Assorted,Ceramic,4,SnackSurprise,Surprise,$20 ,
374,Mystical Crystal Ball Necklace,Assorted,Crystal,1 piece,CrystalCharms,Surprise,$30 ,
375,Whimsical Kitchen Timer,Blue,Plastic,1 piece,KitchenCurios,Surprise,$15 ,
376,Surprising Bookmark Collection,Assorted,Paper,6,BookishDelights,Surprise,$10 ,
377,Enigmatic Aromatherapy Set,Assorted,Essential Oils,6,AromaAlchemy,Surprise,$40 ,
378,Whimsical Plant Pot Collection,Assorted,Ceramic,6,GardenGlee,Surprise,$30 ,
379,Surprising Cocktail Mixer Set,Assorted,Stainless Steel,1 set,MixologyMagic,Surprise,$25 ,
380,Mystical Crystal Ball Earrings,Assorted,Crystal,1 pair,CrystalCharms,Surprise,$20 ,
381,Whimsical Sticker Collection,Assorted,Paper,15,StickerSurprise,Surprise,$15 ,
382,Surprise Scented Candle Set,Assorted,Soy Wax,4,WhiffOfWonder,Surprise,$30 ,
383,Enchanted Fairy Door Keychain,Blue,Metal,1 piece,FairyFascination,Surprise,$10 ,
384,Whimsical Wall Art Canvas,Assorted,Canvas,1 piece,ArtisticAdventures,Surprise,$25 ,
385,Surprising Tea Infuser Set,Silver,Stainless Steel,4,TeaTreasures,Surprise,$20 ,
386,Mystical Crystal Ball Pendant Necklace,Assorted,Crystal,1 piece,CrystalCharms,Surprise,$35 ,
387,Whimsical Notepad Collection,Assorted,Paper,5,NotebookNook,Surprise,$15 ,
388,Surprise Bath Bomb Variety Pack,Assorted,Essential Oils,12,BathBliss,Surprise,$20 ,
389,Enigmatic Board Game Collection,Assorted,Cardboard,1 set,GameGalaxy,Surprise,$50 ,
390,Whimsical Novelty Mug Set,Assorted,Ceramic,6,MugMagic,Surprise,$30 ,
391,Surprising Craft Supply Kit,Assorted,Various,1 kit,CraftyCreatives,Surprise,$40 ,
392,Mystical Crystal Ball Ring,Silver,Crystal,1 piece,CrystalCharms,Surprise,$25 ,
393,Whimsical Colorful Scarf,Assorted,Fabric,1 piece,ScarfSurprise,Surprise,$20 ,
394,Surprise Bath Bomb Gift Set,Assorted,Essential Oils,1 set,BathBliss,Surprise,$25 ,
395,Enchanted Fairy Door Necklace,Assorted,Metal,1 piece,FairyFascination,Surprise,$15 ,
396,Whimsical Cookie Cutter Collection,Assorted,Plastic,5,SweetSurprises,Surprise,$20 ,
397,Surprising DIY Candle Making Kit,Assorted,Wax,1 kit,CandleCrafters,Surprise,$35 ,
398,Mystical Crystal Ball Bracelet,Clear,Crystal,1 piece,CrystalCharms,Surprise,$30 ,
399,Whimsical Wall Art Poster,Assorted,Paper,1 piece,ArtisticAdventures,Surprise,$15 ,
400,Surprise Bath Bomb Sampler Set,Assorted,Essential Oils,1 set,BathBliss,Surprise,$30 ,
401,Inferno Kettle,Crimson Red,Stainless Steel,1.7L,LavaHeat,Angry,$79.99 ,
402,Volcano Speaker,Charcoal Black,Silicone,1 unit,EarThumper,Angry,$149.95 ,
403,Clench Jaw Coffee,Deep Brown,Ground Coffee,250g,Bean Rage,Angry,$12.99 ,
404,Spike Tread Sneakers,Black & Neon Green,Rubber,1 pair,Sole Fury,Angry,$89.99 ,
405,Red Eye Goggles,Bloodshot Red,Polycarbonate,1,Night Fury,Angry,$29.99 ,
406,Lava Lamp,Fiery Red & Orange,Glass & Wax,1,Molten Rage,Angry,$34.99 ,
407,Shredder Claws Nail File,Silver & Black,Metal,1,Nail Fury,Angry,$9.99 ,
409,Alarm Clock Bomb,Military Green,Plastic,1,Wake Up Blast,Angry,$19.99 ,
410,Grilling Apron with Pockets,Black with Red Flames,Cotton,1,Grill Master Fury,Angry,$24.99 ,
411,Heavy Duty Punching Bag,Black,Leather,1,Stress Buster,Angry,$149.99 ,
412,Spicy Chili Lip Balm,Cherry Red,Natural Ingredients,1,Pucker Up Fury,Angry,$7.99 ,
413,Volcanic Rock Massage Stones,Black,Basalt Rock,10 pcs,Hot Stone Therapy,Angry,$39.99 ,
414,Metal Spiked Baseball Bat (for decoration only),Silver,Metal,1,Wall Fury,Angry,$49.99 ,
415,Heavy Headphones,Black & Red,Leather & Plastic,1,Headbanger Fury,Angry,$99.99 ,
416,Chili Pepper Seed Kit,Multicolor,Seeds,1 pack,Grow Your Own Fury,Angry,$9.99 ,
417,Spiked Leather Wristband,Black and Brown,Leather,1,Rebel Rage,Angry,$14.99 ,
418,Volcano Vaporizer,Black & Red, Metal,1,Fuming Fury,Angry,$79.99 ,
419,Heavy Duty Cutting Board,Red,Plastic,1,Chopping Rage,Angry,$39.99 ,
420,Punching Bag Stand,Black,Steel,1,Fury Focus,Angry,$99.99 ,
421,Spicy Curry Paste,Red,Spices & Vegetables,200g,Taste Bud Fury,Angry,$8.99 ,
422,Alarm Clock with Siren,Red,Plastic,1,Wake Up Nightmare,Angry,$16.99 ,
423,Dragon Fire Torch (Butane not included),Black & Red,Metal,1,Flame Fury,Angry,$29.99 ,
424,Anti-Stress Squeeze Ball,Black with Red Face,Rubber,1,Squeeze the Rage,Angry,$7.99 ,
425,Boxing Gloves (Pair),Black & Red,Leather,1 pair,Knockout Fury,Angry,$69.99 ,
426,Red Pepper Flakes Dispenser,Red,Plastic,1,Spice Up Your Fury,Angry,$5.99 ,
427,Metal Spiked Wallet (for novelty only),Black,Metal,1,Spiked Style,Angry,$19.99 ,
428,Volcano Popcorn Maker,Silver,Metal,1,Explosive Flavor,Angry,$49.99 ,
429,Heavy Duty Stapler,Black,Metal,1,Staple Your Frustration,Angry,$12.99 ,
430,Spicy Noodle Challenge Kit,Red & Yellow,Noodles & Spices,1 pack,Taste the Fury,Angry,$14.99 ,
431,Punching Bag Gloves (Pair),Black,Leather,1 pair,Fury Fighters,Angry,$49.99 ,
432,Red Hot Chili Candy,Red,Candy,200g,Burning Fury,Angry,$4.99 ,
433,Alarm Clock with Projector,Black with Red Numbers,Plastic,1,Wake Up Fury Vision,Angry,$24.99 ,
434,Jawbreaker Candy (Extra Hard),Red,Candy,1,Chew Your Frustration,Angry,$2.99 ,
435,Resistance Bands Set,Red & Black,Elastic Material,2,Build Your Fury,Angry,$29.99 ,
436,Angry Birds Plush Toy,Red,Plush,1,Flocky Fury,Angry,$14.99 ,
437,Spicy Mustard,Yellow,Spices & Mustard Seeds,250g,Mustard Fury,Angry,$7.99 ,
438,Lava Lamp Nightlight,Orange & Red,Glass & Wax,1,Soothing Fury,Angry,$19.99 ,
439,Grip Strength Trainer,Black,Plastic & Metal,1,Crush Your Frustration,Angry,$24.99 ,
440,Spicy Jerky Variety Pack,Red,Beef Jerky,100g,Meat Sweats Fury,Angry,$12.99 ,
441,Noise-Canceling Headphones (Red),Red,Plastic & Leather,1,Block Out the World Fury,Angry,$199.99 ,
442,Volcano Diffuser,Black,Ceramic & Plastic,1,Calming Fury (with essential oils),Angry,$39.99 ,
443,Punching Bag Mitts,Black & Red,Leather,1 pair,Fury Fists,Angry,$34.99 ,
444,Hot Sauce Sampler Set,Multicolor,Hot Sauces,7 mini bottles,Spice Up Your Life (Angry),Angry,$19.99 ,
445,Alarm Clock with Radio,Black,Plastic,1,Wake Up and Rage,Angry,$29.99 ,
446,Lava Lamp Throw Blanket,Red & Orange,Fleece,1,Cozy Fury,Angry,$24.99 ,
447,Heavy Duty Staple Remover,Black,Metal,1,Un-Staple Your Frustration,Angry,$9.99 ,
448,Spicy Kimchi,Red,Fermented Vegetables,500g,Gut Punch Fury,Angry,$8.99 ,
449,Stress Ball (Fidget Toy),Red,Rubber,1,Squeeze Away the Rage,Angry,$5.99 ,
450,Boxing Gloves Hanging Hook,silver,Metal,5 hooks,Hang Your Fury,Angry,$14.99 ,
451,Red Leather Jacket,Red,Leather,1,Fierce Style Fury,Angry,$199.99 ,
452,Volcano Candle (Vanilla Scent),Black,Glass & Wax,1,Calming Fury (Vanilla),Angry,$12.99 ,
453,Heavy Duty Scissors,Black,Stainless Steel,1 pair,Cut Through Frustration,Angry,$19.99 ,
454,Spicy Ramen Challenge Kit,Red,Noodles & Spices,1 pack,Noodle Fury,Angry,$9.99 ,
455,Punching Bag Speed Bag,Black,Leather,1,Fury Focus Speed,Angry,$79.99 ,
456,Red Pepper Jelly,Red,Peppers & Sugar,250g,Sweet and Spicy Fury,Angry,$8.99 ,
457,Alarm Clock with Vibration Pad,Black,Plastic,1,Wake Up Shaking Fury,Angry,$17.99 ,
458,Lava Lamp Bookends,Black,Plastic,1 pair,Hold Back Your Fury,Angry,$29.99 ,
459,Spicy Wing Sauce,Red,Hot Sauce,250ml,Wing Attack Fury,Angry,$9.99 ,
460,Jump Rope (Red),Red,Plastic & Rope,1,Jump Out Your Frustration,Angry,$9.99 ,
461,Red Beanie with Pom-Pom,Red,fur,1,Warm Your Fury,Angry,$14.99 ,
462,Volcano Ice Cream Maker,Silver,Metal,1,Chill Your Fury,Angry,$69.99 ,
463,Heavy Duty File Clip,Black,Metal,12 pack,Clip Your Frustration,Angry,$4.99 ,
464,Spicy Curry Simmer Sauce,Red,Spices & Coconut Milk,300ml,Simmering Fury,Angry,$7.99 ,
465,Alarm Clock,Black,Plastic,1,Wake Up and Solve Your Fury,Angry,$24.99 ,
466,Lava Lamp Coasters,Red & Orange,Glass,4 pack,Protect Your Fury,Angry,$19.99 ,
467,Spicy Pickled Vegetables,Red,Mixed Vegetables,500g,Pucker Up Fury,Angry,$6.99 ,
468,Stress Ball Keychain,Red,Rubber,1,Take Your Fury On-The-Go,Angry,$4.99 ,
469,Boxing Gloves Travel Bag,Black,Nylon,1,Pack Your Fury,Angry,$29.99 ,
470,Red Chili Pepper Plant (Seeds),Red,Seeds,1 pack,Grow Your Own Fury,Angry,$7.99 ,
471,Volcano Humidifier,Black,Plastic,1,Soothe Your Fury (with essential oils),Angry,$24.99 ,
472,Heavy Duty Can Opener,Black,Metal,1,Open Up Your Frustration,Angry,$14.99 ,
473,Spicy Salsa Verde,Green,Tomatillos & Spices,250ml,Green Fury,Angry,$5.99 ,
474,Alarm Clock with Nature Sounds,Black,Plastic,1,Wake Up to Serenity (or Fury),Angry,$19.99 ,
475,Lava Lamp Desk Lamp,Black & Red,Glass & Metal,1,Light Up Your Fury,Angry,$39.99 ,
476,Heavy Duty Tape Dispenser,Black,Plastic,1,Dispense Your Frustration,Angry,$9.99 ,
477,Spicy Szechuan Peanuts,Red,Peanuts & Spices,200g,Peanut Fury,Angry,$6.99 ,
478,Alarm Clock with Projector,Black with Red Numbers,Plastic,1,Wake Up with Fury Vision and Tunes,Angry,$34.99 ,
479,Lava Lamp Soap Dispenser,Black & Red,Glass & Plastic,2,Wash Away Your Fury,Angry,$19.99 ,
480,Heavy Duty Hole Punch,Black,Metal,1,Punch Through Your Frustration,Angry,$12.99 ,
481,Spicy Kimchi Pancake Mix,Red,Flour & Spices,500g,Pancake Fury,Angry,$8.99 ,
482,Alarm Clock with Built-in Projector,Black,Plastic,1,Wake Up with Fury Focus (projected time),Angry,$29.99 ,
483,Lava Lamp Bath Bombs,Red & Orange,Bath Salts & Essential Oils,6 pack,Fizz Away Your Fury,Angry,$19.99 ,
484,Heavy Duty Staple Remover,Black,Metal,1,Un-Staple and Hammer Your Frustration,Angry,$14.99 ,
485,Spicy Gummy Candy,Red,Gummy Candy,100g,Chewy Fury,Angry,$5.99 ,
486,Jump Rope with Weighted Handles (Red),Red,Plastic & Rope with Weights,1,Jump Out Your Extra Fury,Angry,$14.99 ,
487,Red Leather Wallet,Red,Leather,1,Fierce Finance Fury,Angry,$79.99 ,
488,Volcano Egg Cooker,Silver,Metal,1,Hard Boil Your Fury,Angry,$24.99 ,
489,Heavy Duty Pliers,Black,Metal,1 pair,Grip and Rip Your Frustration,Angry,$19.99 ,
490,Spicy Sriracha Mayo,Red,Mayonnaise & Sriracha,250ml,Spicy Mayo Fury,Angry,$7.99 ,
491,Alarm Clock with Smartphone Charger,Black,Plastic,1,Wake Up and Charge Your Fury,Angry,$39.99 ,
492,Lava Lamp Shower Curtain,Red ,Plastic,1,Shower Away Your Fury,Angry,$29.99 ,
493,Heavy Duty Broom,Black,Wood & Bristles,1,Sweep Away Your Frustration,Angry,$12.99 ,
494,Spicy Kimchi Jjigae Soup,Red,Kimchi & Vegetables,130ml,Souper Fury,Angry,$9.99 ,
495,Stress Ball Hand Grip,Red,Rubber,1,Squeeze Away the Tension (Fury),Angry,$7.99 ,
496,Boxing Gloves for Kids (Red),Red,Leather,1 pair,Lil' Fury Fists,Angry,$39.99 ,
497,Red Colored Pencils,Red,Wood & Graphite,24 pack,Sharpen Your Fury,Angry,$7.99 ,
498,Volcano Waffle Maker,Black & Red,Non stick,1,Explosive Breakfast Fury,Angry,$59.99 ,
499,Heavy Duty Utility Knife,Black,Metal,1,Cut Through Anything (including frustration),Angry,$19.99 ,
500,Spicy Candy Cane (Extra Hot),Red & White,Candy,1,Minty Fury,Angry,$3.99 (pack of 3),
501,Nightlight Buddy (Plush Animal),Multicolor,Plush Fabric,1,Cuddle Away Your Fears,Fear,$19.99 ,
502,Calming Lavender Bath Salts,Purple,Mineral Salts & Lavender Oil,50g,Serene Sanctuary Soaks,Fear,$12.99 ,
503,Weighted Blanket (10 lbs),Gray,Cotton & Polyester,1,Hug Away Your Worries,Fear,$79.99 ,
504,Sunrise Alarm Clock (Simulates Dawn Light),White & Orange,Plastic,1,Wake Up Gently (No Startle),Fear,$34.99 ,
505,Fidget Spinner (Glow-in-the-Dark),Multicolor,Plastic,1,Fidget Away Your Jitters,Fear,$7.99 ,
506,Herbal Tea Sampler (Calming Blends),Multicolor,Loose Leaf Tea,5 bags,Soothing Sip Serenity,Fear,$14.99 ,
507,Noise-Canceling Headphones (Wireless),Black,Plastic & Leather,1,Block Out Your Worries,Fear,$199.99 ,
508,Calming Aquarium (Desktop),Black & Clear,Glass & Plastic,1,Find Tranquility in Motion,Fear,$49.99 ,
509,Journaling Prompts for Anxiety Relief,Assorted,Paper,1,Write Away Your Worries,Fear,$9.99 ,
510,Stress Ball (Squeeze Emoji),Yellow,Rubber,1,Squeeze Away the Jitters,Fear,$4.99 ,
511,Adult Coloring Book (Calming Patterns),Multicolor,Paper,1,Color Away Your Concerns,Fear,$8.99 ,
512,Aromatherapy Diffuser (Ultrasonic),White,Ceramic & Plastic,1,Breathe Easy with Essential Oils,Fear,$29.99 ,
513,Weighted Lap Pad (5 lbs),Gray,Cotton & Polyester,1,Rest Assured on Your Lap,Fear,$39.99 ,
514,Meditation App Subscription (1 Year),Multicolor (Digital),N/A,1 Year Access,Mindful Moments,Fear,$49.99 (Yearly),
515,Calming Essential Oil Roll-On (Lavender Scent),Purple,Glass Bottle & Rollerball,10ml,Serenity in a Bottle,Fear,$14.99 ,
516,Calming Nightlight Projector (Stars & Ocean Waves),Blue,Plastic,1,Project Away Your Night Terrors,Fear,$24.99 ,
517,Weighted Eye Mask (Blackout),Black,Cotton & Polyester,1,Block Out the Boogeyman,Fear,$19.99 ,
518,Calming Fidget Cube (Multiple Textures),Multicolor,Plastic,1,Click Away Your Anxieties,Fear,$9.99 ,
519,Sleep Meditation App (Guided Sleep Stories),Multicolor (Digital),N/A,Lifetime Access,Dream Weaver,Fear,$9.99 (One-Time Purchase),
520,Calming Bath Bombs with Essential Oils (Various Scents),Multicolor,Bath Salts & Essential Oils,6 pack,Fizz Away Your Worries,Fear,$16.99 ,
521,Emergency Whistle (Loud & Compact),Orange,Plastic,1,Blow Away Your Fears,Fear,$4.99 ,
522,Calming Plushie Heating Pad (Microwaveable),Gray,Plush Fabric & Rice Filling,1,Warm Away Your Worries,Fear,$14.99 ,
523,Journaling Prompts for Self-Confidence (Overcoming Fear),Yellow,Paper,1,Write Your Way to Bravery,Fear,$8.99 ,
524,Calming Playdoh Kit (Scented & Moldable),Multicolor,Playdoh,10-pack assortment,Mold Away Your Fears,Fear,$12.99 ,
525,Fidget Spinner Ring (Discrete & Calming),Silver,Metal,1,Spin Away Your Jitters (Subtly),Fear,$14.99 ,
526,Calming Coloring Book for Adults & Kids (Underwater Scenes),Blue,Paper,1,Color Away Your Worries (Together),Fear,$9.99 ,
527,Portable White Noise Machine (Battery Powered),White,Plastic,1,Block Out Disturbing Sounds,Fear,$29.99 ,
528,Weighted Neck Wrap (Microwaveable),Gray,Cotton & Polyester with Weighted Beads,1,Melt Away Your Worries,Fear,$24.99 ,
529,Subscription Box for Calming Activities (Delivered Monthly),Multicolor (Box),N/A,Monthly Delivery,Serenity Seeker Box,Fear,$39.99 (Monthly),
530,Calming Essential Oil Diffuser Blend (Focus & Relaxation),Brown,Glass Bottle,15ml,Breathe Easy with Focus & Calm,Fear,$19.99 ,
531,Flashlight Keychain (High Lumen),Black,Metal & Plastic,1,Shine Away the Darkness,Fear,$9.99 ,
532,Calming Handheld Fidget Toy (Maze Design),Sky blue,Plastic,1,Maze Away Your Worries,Fear,$7.99 ,
533,Subscription Box for Kids' Nighttime Routine (Delivered Monthly),Multicolor (Box),N/A,Monthly Delivery,Sleepy Stars Box,Fear,$29.99 (Monthly),
534,Calming Herbal Tea Samplers (Variety Pack - Caffeine-Free),Multicolor,Loose Leaf Tea,20 bag assortment,Sip Away Your Stress,Fear,$19.99 ,
535,Weighted Stuffed Animal (Calming Huggable Friend),Gray,Plush Fabric & Polyester Beads,1,Cuddle Away Your Anxieties,Fear,$29.99 ,
536,Emergency Preparedness Kit (Miniature),Red,Plastic Case,1,"Be Prepared, Reduce Fear",Fear,$14.99 ,
537,Calming Playdoh Slime Kit (Multiple Textures & Scents),Multicolor,Slime & Playdoh,5-pack assortment,Squish Away Your Worries,Fear,$16.99 ,
538,Fidget Spinner Necklace (Discreet & Stylish),Gold,Metal,1,Spin Away Your Anxieties (Fashionably),Fear,$19.99 ,
539,Audiobook Subscription Service (Self-Help & Calming Titles),Multicolor (Digital),N/A,Monthly Subscription,Inner Voice Sanctuary,Fear,$12.99 (Monthly),
540,Calming Bath Bombs with Glitter (Surprise Colors),Multicolor,Bath Salts & Essential Oils with Glitter,4 pack,Fizz Away Your Fears with a Sparkle,Fear,$12.99 ,
541,Personal Alarm Keychain (Loud & Compact),Pink,Plastic,1,Sound the Alarm on Fear,Fear,$7.99 ,
542,Calming Weighted Blanket for Kids (5 lbs),Light Blue,Cotton & Polyester,1,Safe and Secure Sleep,Fear,$49.99 ,
543,Journaling Prompts for Positive Self-Talk (Combating Fear),Assorted,Paper,1,Write Your Way to Confidence,Fear,$9.99 ,
544,Calming Candle with Crackling Woodwick (Vanilla Scent),White,Glass & Soy Wax,12oz jar,Crackle Away Your Worries,Fear,$17.99 ,
545,Portable White Noise Machine with Nature Sounds (Fan & Ocean),White,Plastic,1,Find Serenity in Familiar Sounds,Fear,$34.99 ,
546,Weighted Lap Pad for Kids (2 lbs),Gray,Cotton & Polyester ,1,Calming Comfort on Their Lap,Fear,$29.99 ,
547,Subscription Box for Relaxation Bath Products (Delivered Quarterly),Multicolor (Box),N/A,Quarterly Delivery,Bath Bliss Box,Fear,$44.99 (Quarterly),
548,Calming Essential Oil Diffuser Blend (Sleep & Relaxation),Purple,Glass Bottle,15ml,Drift Off to Sleep Peacefully,Fear,$16.99 ,
549,"Calming Stress Ball (Squishy, Fidgety Fun)",Yellow,Rubber,1,Squeeze Away Tension,Fear,$5.99 ,
550,Subscription Box for Relaxation Drinks (Delivered Monthly),Multicolor (Box),N/A,Monthly Delivery,Serenity Sips Box,Fear,$34.99 (Monthly),
551,Herbal Tea for Relaxation (Chamomile),Yellow,Loose Leaf Tea,20 bag box,Sip Away Stress (Chamomile),Fear,$7.99 ,
552,Weighted Shoulder Wrap (Microwaveable),Gray,Cotton & Polyester ,1,Melt Away Neck Tension,Fear,$22.99 ,
553,Emergency Whistle (Loud & Lightweight),Orange,Plastic,1,Signal for Help (Compact),Fear,$3.99 ,
554,Calming Playdoh (Sparkly & Scented),Multicolor,Playdoh,4-pack assortment,Mold Away Worries (Sparkly),Fear,$9.99 ,
555,"Fidget Spinner Ring (Discreet, Stylish)",Black,Metal,1,Spin Away Anxieties (Subtly),Fear,$12.99 ,
556,Calming Music App (Sleep & Relaxation Sounds),Multicolor (Digital),N/A,Lifetime Access,Tranquil Tunes,Fear,$7.99 (One-Time Purchase),
557,Bath Bombs with Essential Oils (Various Scents),Multicolor,Bath Salts & Essential Oils,3 pack,Fizz Away Worries (Variety Pack),Fear,$9.99 ,
558,Personal Alarm Keychain (Loud),Pink,Plastic,1,Sound the Alarm (Fear),Fear,$6.99 ,
559,Weighted Blanket for Kids (8 lbs),Light Blue,Cotton & Polyester ,1,Deep Sleep for Kids,Fear,$59.99 ,
560,Journal Prompts for Overcoming Shyness (Fear-Related),Multicolor,Paper,1,Write Your Way to Confidence (Social),Fear,$8.99 ,
561,Calming Candle (Vanilla Lavender Scent),Purple,Glass & Soy Wax,8oz jar,Relaxing Lavender & Vanilla,Fear,$14.99 ,
562,Portable Sound Machine (Nature Sounds),White,Plastic,1,Find Serenity in Nature's Sounds,Fear,$29.99 ,
563,Weighted Lap Pad for Travel (3 lbs),Gray,Cotton & Polyester,1,Calming Comfort on the Go,Fear,$24.99 ,
564,Subscription Box for Relaxation Snacks (Delivered Bimonthly),Multicolor (Box),N/A,Bimonthly Delivery,Snack Serenity Box,Fear,$29.99 (Bimonthly),
565,Calming Essential Oil Diffuser Blend (Stress Relief),Green,Glass Bottle,10ml,Breathe Easy with Stress Relief,Fear,$12.99 ,
566,Calming Coloring Book (Animals),Multicolor,Paper,1,Color Away Worries (Animals),Fear,$8.99 ,
567,Flashlight Keychain (Compact & Bright),Black,Metal & Plastic,1,Light Your Way (Fear),Fear,$7.99 ,
568,Calming Handheld Fidget Toy (Clicky Buttons),Blue,Plastic,1,Click Away Worries (Fidget),Fear,$5.99 ,
569,Subscription Box for Kids' Activity Kits (Delivered Monthly),Multicolor (Box),N/A,Monthly Delivery,Calming Crafts Box,Fear,$24.99 (Monthly),
570,Calming Herbal Tea (Variety Pack - Caffeine-Free),Multicolor,Loose Leaf Tea,3 bags,Sip Away Stress (Variety),Fear,$14.99 ,
571,Weighted Stuffed Animal (Soothing Hug),Gray,Plush Fabric & Polyester Beads,1,Cuddle Away Fears (Animal),Fear,$24.99 ,
572,Emergency Preparedness Kit (Compact),Red,Plastic Case,1,Be Prepared (Compact),Fear,$9.99 ,
573,Calming Playdoh Slime Kit (Multiple Colors),Multicolor,Slime & Playdoh,3-pack assortment,Squish Away Worries (Slime),Fear,$12.99 ,
574,Fidget Spinner Ring (Stylish Design),Silver,Metal,1,Spin Away Anxieties (Stylish),Fear,$17.99 ,
575,Audiobook Subscription (Self-Help & Relaxation Titles),Multicolor (Digital),N/A,Monthly Subscription,Inner Voice Calm,Fear,$9.99 (Monthly),
576,Calming Bath Bombs (Surprise Scents),Multicolor,Bath Salts & Essential Oils,2 pack,Fizz Away Fears (Surprise),Fear,$8.99 ,
577,Personal Alarm Keychain (Discreet),Pink,Plastic,1,Sound the Alarm (Discreet),Fear,$5.99 ,
578,Calming Weighted Blanket for Toddlers (3 lbs),Light Blue,Cotton & Polyester ,1,Gentle Sleep for Toddlers,Fear,$39.99 ,
579,Journal Prompts for Positive Self-Talk (Fear-Focused),Multicolor,Paper,1,Write Your Way to Confidence (Fear),Fear,$7.99 ,
580,Calming Candle (Lavender Scent),Purple,Glass & Soy Wax,6oz jar,Relaxing Lavender,Fear,$11.99 ,
581,Portable Fan with White Noise (Battery Operated),White,Plastic,1,Cool & Calm On-the-Go,Fear,$19.99 ,
582,Weighted Lap Pad for Kids (1 lb),Gray,Cotton & Polyester ,1,Light Comfort on Lap,Fear,$19.99 ,
583,Subscription Box for Relaxation Bath Products (Delivered Annually),Multicolor (Box),N/A,Annual Delivery,Soak Serenity Box,Fear,$49.99 (Annual),
584,Calming Essential Oil Diffuser Blend (Focus & Peace),Green,Glass Bottle,5ml,Focus & Peace (Essential Oil),Fear,$8.99 ,
585,Calming Coloring Book (Mandala Designs),Multicolor,Paper,1,Color Away Worries (Mandala),Fear,$7.99 ,
586,"Flashlight (High Lumen, Long Range)",Black,Metal,1,Shine Bright (Fear),Fear,$12.99 ,
587,Calming Handheld Fidget Toy (Spinning Disc),Green,Plastic,1,Spin Away Worries (Disc),Fear,$4.99 ,
588,Kids' Nighttime Routine Subscription Box (Delivered Bimonthly),Multicolor (Box),N/A,Bimonthly Delivery,Sleepy Stars Plus Box (Activities),Fear,$39.99 (Bimonthly),
589,Calming Herbal Tea (Sleepytime Blend),Yellow,Loose Leaf Tea,25 bag box,Sip Away to Sleep,Fear,$8.99 ,
590,Weighted Stuffed Animal (Soft & Huggable),Gray,Plush Fabric & Polyester Beads,1,Cuddle Away Anxieties (Soft Animal),Fear,$19.99 ,
591,Emergency Whistle (Loud & Easy to Blow),Orange,Plastic,1,Signal for Help (Easy Blow),Fear,$2.99 ,
592,Calming Playdoh Slime Kit (Calming Scents),Multicolor,Slime & Playdoh,2-pack assortment,Squish Away Worries (Calming Scents),Fear,$8.99 ,
593,Fidget Spinner Pen (Discreet & Fidgety),Black,Plastic,1,Fidget While You Write,Fear,$9.99 ,
594,Calming Music App (Sleep Sounds & Meditation),Multicolor (Digital),N/A,Lifetime Access,Tranquil Tunes & Meditation,Fear,$9.99 (One-Time Purchase),
595,Bath Bombs with Essential Oils (Soothing Scents),Multicolor,Bath Salts & Essential Oils,24 pack,Soak Away Worries (Soothing Scents),Fear,$5.99 ,
596,Personal Alarm Keychain (Water Resistant),Pink,Plastic,1,Sound the Alarm (Water Resistant),Fear,$6.99 ,
597,Calming Weighted Blanket for Travel (5 lbs),Light Blue,Cotton & Polyester ,1,Relaxing Sleep on the Go,Fear,$49.99 ,
598,Journal Prompts for Self-Discovery (Overcoming Fear),Assorted,Paper,1,Write Your Way to Bravery,Fear,$6.99 ,
599,Bravery Boost Necklace (Empowering Symbol),Silver,Metal,1,Wear Your Strength (Symbol),Fear,$8.99 ,
600,Fear-Facing Workbook for Beginners,Blue,Paper,1,Start Your Path to Bravery,Fear,$12.99 ,
601,Fresh Start Laundry Detergent (Extra Odor Control),White,Liquid,5L,Clean Breeze,Disgust,$9.99 ,
602,Air Purifier with HEPA Filter (Removes Allergens & Odors),White,Plastic,1,Breathe Easy Air,Disgust,$79.99 ,
603,Citrus Burst Hand Sanitizer (Kills 99.9% of Germs),Clear,Gel,100 ml,Clean Citrus Scent,Disgust,$3.99 ,
604,Deodorizing Carpet Powder (Freshens & Eliminates Odors),Beige,Powder,340g,Fresh Linen Scent,Disgust,$6.99 ,
605,Uplifting Essential Oil Diffuser Blend (Citrus & Mint),Assorted,Glass Bottle,2,Energizing Boost,Disgust,$16.99 ,
606,Motivational Water Bottle with Inspiring Quotes (Hydration Reminder),Clear & Multicolor,Plastic,32oz bottle,"Stay Hydrated, Stay Positive",Disgust,$14.99 ,
607,Funny Minty Breath Spray (Freshens Breath & Makes You Smile),Green,Spray,2oz bottle,Fresh Mint & Joke on the Label,Disgust,$4.99 ,
608,Citrus-Scented Cleaning Wipes (Disinfectant & Multi-Surface),Yellow,Wipes,10,Clean with a Smile (Citrus Scent),Disgust,$5.99 ,
609,Upbeat Playlist Subscription Service (Energetic & Mood-Boosting Music),Multicolor (Digital),N/A,Monthly Subscription,Happy Tunes,Disgust,$9.99 (Monthly),
610,Uplifting Scented Candles (Variety Pack - Fresh & Fruity Scents),Multicolor,Soy Wax & Glass Jar,3 pack,Chase Away Unpleasant Odors,Disgust,$19.99 ,
611,Refreshing Facial Mist (Hydrating & Cooling),Clear,Spray,4oz bottle,Soothe & Refresh,Disgust,$12.99 ,
612,Happy Hour Mocktail Recipe Book (Non-Alcoholic & Delicious Drinks),Multicolor,Paper,1,Mix Up Some Fun (Alcohol-Free),Disgust,$14.99 ,
613,Engaging Puzzle Book (Crosswords & Word Searches - Escape the Disgust),Multicolor,Paper,1,Challenge Your Mind & Forget the Fuss,Disgust,$7.99 ,
614,Uplifting Bath Bombs with Essential Oils (Invigorating Scents),Multicolor,Bath Salts & Essential Oils,4 pack,Fizz Away the Yuck (Invigorating),Disgust,$17.99 ,
615,Funny T-Shirt (Witty Slogan to Lighten the Mood),White,Cotton,1,Laughter is the Best Medicine,Disgust,$19.99 ,
616,Scented Trash Bags (Neutralizes Odors),Clear,Plastic,80 bags,Trash Without the Trash Smell,Disgust,$5.99 ,
617,Natural Deodorizer Spray (Neutralizes Odors with Essential Oils),Brown,Spray Bottle,2oz bottle,Clean Home with Essential Oils,Disgust,$14.99 ,
618,Uplifting Shower Steamers (Invigorating Aromas),Multicolor,Menthol Crystals & Essential Oils,6 pack tablets,Invigorating Shower Experience,Disgust,$12.99 ,
619,Citrus-Scented Laundry Booster (Freshens & Brightens Clothes),Orange,Liquid,5L,Clean Clothes with a Boost,Disgust,$7.99 ,
620,Subscription Box for Cleaning Supplies (Delivered Monthly),Multicolor (Box),N/A,Monthly Delivery,Clean Home Club Box,Disgust,$29.99 (Monthly),
621,Uplifting Audiobooks (Motivational & Comedy Titles),Green (Digital),N/A,Monthly Subscription,Laughter & Inspiration on the Go,Disgust,$12.99 (Monthly),
622,Refreshing Hand Wipes (Cleans & Coolens Skin),Blue,Wipes,25 count pack,Clean and Cool Hands (On-the-Go),Disgust,$3.99 ,
623,Scented Garbage Can Liners (Neutralizes Kitchen Odors),Green,Plastic,30 count box,"Kitchen Cleanliness, Minus the Smell",Disgust,$7.99 ,
624,Uplifting Playdoh Kit (Bright Colors & Fun Scents),Multicolor,Playdoh,10-pack assortment,Mold Away the Grump (Fun Scents),Disgust,$14.99 ,
625,Subscription Box for Fun Activities (Delivered Bimonthly),Multicolor (Box),N/A,Bimonthly Delivery,Happy Activities Box,Disgust,$34.99 (Bimonthly),
626,Uplifting Bath Bombs with Surprise Colors (Invigorating Scents),Multicolor,Bath Salts & Essential Oils,2 pack,Fizz Away the Gloom (Surprise),Disgust,$11.99 ,
627,Engaging Puzzle Book for Adults & Kids (Brainteasers & Logic Puzzles),Multicolor,Paper,1,Challenge Your Mind & Forget the Ick,Disgust,$8.99 ,
628,Scented Dryer Sheets (Fresh Linen Scent),Blue,Fabric Softener Sheets,80 count box,Fresh Clothes Out of the Dryer,Disgust,$5.99 ,
629,Uplifting Coloring Book for Adults (Inspiring Quotes & Designs),Multicolor,Paper,1,Color Away the Yuck with Inspiration,Disgust,$9.99 ,
630,Journal Prompts for Positive Self-Talk (Combating Disgust),Multicolor,Paper,1,Write Your Way to a Better Mood,Disgust,$7.99 ,
631,Uplifting Bath Salts with Essential Oils (Relaxing & Mood-Boosting),Purple,Bath Salts & Essential Oils,500g,Soak Away the Disgust,Disgust,$19.99 ,
632,Scented Trash Bags (Double Odor Control),Gray,Plastic,150 count box,Extra Strength Odor Control,Disgust,$6.99 ,
633,Natural Carpet Cleaning Solution (Enzyme-Based for Deep Cleaning),Clear,Liquid,32oz bottle,"Clean Carpets, Naturally",Disgust,$12.99 ,
634,Uplifting Shower Steamers (Variety Pack - Energizing Scents),Multicolor,Menthol Crystals & Essential Oils,3 pack tablets,Find Your Shower Bliss (Variety Pack),Disgust,$9.50 ,
635,Uplifting Room Sprays (Natural Essential Oil Blends),Brown,Glass Spray Bottle,4oz bottle,Freshen Up Your Space Naturally,Disgust,$16.99 ,
636,Subscription Box for Bath Products (Delivered Quarterly),Multicolor (Box),N/A,Quarterly Delivery,Spa Serenity Box,Disgust,$44.99 (Quarterly),
637,Uplifting Essential Oil Diffuser Blend (Focus & Clarity),Blue,Glass Bottle,15ml,Sharpen Your Focus & Lift Your Mood,Disgust,$19.99 ,
638,Scented Dish Soap (Fresh & Clean Scent),Yellow,Liquid,16oz bottle,Clean Dishes Without the Lather,Disgust,$4.99 ,
639,Uplifting Podcasts (Comedy & Inspirational Talks),Multicolor (Digital),N/A,Monthly Subscription,Laughter & Motivation on Demand,Disgust,$9.99 (Monthly),
640,Scented Hand Sanitizer Wipes (Kills Germs & Leaves a Fresh Scent),White,Wipes,30 count pack,Clean Hands & Fresh Scent (On-the-Go),Disgust,$4.99 ,
641,Scented Garbage Bags (Neutralizes Pet Odors),Purple,Plastic,60 count box,"Fresh Home, Happy Pets",Disgust,$8.99 ,
642,Uplifting Playdoh Slime Kit (Sparkly & Scented),Multicolor,Slime & Playdoh,5-pack assortment,Squish Away the Ick (Fun Scents),Disgust,$19.99 ,
643,Subscription Box for Arts & Crafts Kits (Delivered Bimonthly),Multicolor (Box),N/A,Bimonthly Delivery,Crafty Fun Box,Disgust,$29.99 (Bimonthly),
644,Uplifting Bath Bombs with Fizzy Surprise (Invigorating Scents),Multicolor,Bath Salts & Essential Oils,1 pack,Fizz Away the Grumps (Surprise Scent),Disgust,$7.99 ,
645,Travel-Sized Wipes (Multipurpose Cleaning & Refreshing),White,Wipes,20 count pack,Clean & Fresh on the Go,Disgust,$3.99 ,
646,Scented Dryer Sheets (Long-Lasting Freshness),Green,Fabric Softener Sheets,240 count box,"Fresh Clothes, Long-Lasting Scent",Disgust,$6.99 ,
647,Uplifting Coloring Book for Kids (Happy Animals),Multicolor,Paper,1,Color Away the Yuck with Cute Animals,Disgust,$7.99 ,
648,Journal Prompts for Self-Discovery (Overcoming Negative Emotions),Multicolor,Paper,1,Write Your Way to a Positive Mindset,Disgust,$8.99 ,
649,Scented Candles (Stress Relief & Uplifting Scents),Multicolor,Soy Wax & Glass Jar,2 pack,Melt Away the Stress & Boost Your Mood,Disgust,$17.99 ,
650,Scented Trash Bags (Triple Leak Protection),Black,Plastic,35 count box,"Strong, Leak-Proof, and Odor-Neutralizing",Disgust,$7.99 ,
651,Natural Oven Cleaner (Foaming Formula for Easy Cleaning),White,Spray Bottle,22oz can,Clean Ovens the Natural Way,Disgust,$9.99 ,
652,Uplifting Shower Steamers (Variety Pack - Relaxing & Energizing Scents),Multicolor,Menthol Crystals & Essential Oils,4 pack tablets,Find Your Shower Escape (Variety Pack),Disgust,$11.99 ,
653,Scented Dishwashing Gloves (Protects Hands & Leaves a Fresh Scent),Yellow,Rubber,1 pair (medium),Clean Dishes with Soft Hands (Fresh Scent),Disgust,$7.99 ,
654,Uplifting Podcasts (Educational & Entertaining Topics),Multicolor (Digital),N/A,Monthly Subscription,Learn & Be Entertained on the Go,Disgust,$14.99 (Monthly),
655,Scented Hand Wipes (Travel-Sized Pack - Cleans & Freshens),Pink,Wipes,10 count pack,Clean Hands on the Go (Fresh Scent),Disgust,$2.99 ,
656,Scented Garbage Bags (Food Waste Odor Control),Green,Plastic,50 count box,Neutralize Kitchen Odors,Disgust,$8.99 ,
657,Uplifting Playdoh Slime Kit (Calming & Stress-Relieving Scents),Multicolor,Slime & Playdoh,3-pack assortment,Squish Away the Grumps (Calming Scents),Disgust,$14.99 ,
658,Subscription Box for Learning Activities (Delivered Monthly),Multicolor (Box),N/A,Monthly Delivery,Brain Explorer Box,Disgust,$29.99 (Monthly),
659,Uplifting Bath Bombs with Menthol Crystals (Cooling & Invigorating),Blue,Bath Salts & Essential Oils,15,Wake Up Your Senses in the Bath,Disgust,$8.99 ,
660,Wet Wipes for Cleaning Surfaces (Disinfecting & Multi-Purpose),White,Wipes,75 count canister,Clean Surfaces & Disinfect (On-the-Go),Disgust,$5.99 ,
661,Scented Dryer Sheets (Wrinkle-Free & Fresh Scent),Purple,Fabric Softener Sheets,34 count box,"Soft, Fresh Clothes Out of the Dryer",Disgust,$4.99 ,
662,Uplifting Coloring Book for Mindfulness (Stress-Relieving Patterns),Multicolor,Paper,1,Color Away the Disgust with Calming Patterns,Disgust,$9.99 ,
663,Journal Prompts for Self-Care (Prioritizing Wellbeing),Pink,Paper,1,Write Your Way to a Positive Self-Image,Disgust,$8.99 ,
664,Scented Candles (Natural Soy Wax & Relaxing Scents),Green,Soy Wax & Glass Jar,12oz jar,Fill Your Home with Relaxing Scents,Disgust,$19.99 ,
665,Scented Trash Bags (Extra-Durable & Leak-Proof),Gray,Plastic,300 count box,Heavy Duty Bags That Neutralize Odors,Disgust,$9.99 ,
666,Multi-Surface Disinfectant Spray (Kills 99.9% of Germs & Bacteria),Clear,Spray Bottle,500ml,Disinfect Surfaces & Eliminate Odors,Disgust,$8.99 ,
667,Uplifting Shower Steamers (Long-Lasting Aromatherapy),Multicolor,Menthol Crystals & Essential Oils,8 pack tablets,Long-Lasting Scent & Refreshing Shower,Disgust,$7.99 ,
668,Scented Dish Sponges (Antibacterial & Fresh Scent),Yellow,Sponge,2 pack,Clean Dishes with a Fresh Feel,Disgust,$3.99 ,
669,Uplifting Audiobooks (Classic Literature & Adventure Stories),Multicolor (Digital),N/A,Monthly Subscription,Escape into Great Stories on the Go,Disgust,$11.99 (Monthly),
670,Scented Hand Sanitizer Spray (Kills Germs & Leaves a Refreshing Scent),Blue,Spray Bottle,500 ml,Clean Hands & Refreshing Scent (On-the-Go),Disgust,$3.99 ,
671,Scented Garbage Bags (Biodegradable & Odor-Controlling),Green,Plant-Based Plastic,45 count box,Eco-Friendly & Neutralizes Odors,Disgust,$9.99 ,
672,Uplifting Coloring Book for Adults (Mandala Designs & Positive Quotes),Multicolor,Paper,1,Color Away the Disgust with Focus & Inspiration,Disgust,$11.99 ,
673,Journal Prompts for Goal Setting (Achieving Your Dreams),Yellow,Paper,1,Write Your Way to Success & Overcome Disgust,Disgust,$7.99 ,
674,Scented Candles (Travel-Sized Tins - Uplifting Scents),Multicolor,Soy Wax & Tin Container,3 pack tins,Fill Your Space with Uplifting Scents (Travel-Sized),Disgust,$14.99 ,
675,Scented Trash Can Liners (Double Odor Neutralization),Blue,Plastic,120 count box,Extra Strength Odor Control for Your Trash Can,Disgust,$8.99 ,
676,Natural All-Purpose Cleaner (Disinfectant & Multi-Surface),Clear,Plastic,500 ml,Clean Surfaces & Eliminate Odors Naturally,Disgust,$11.99 ,
677,Uplifting Shower Steamers (Variety Pack - Citrus & Mint Scents),Multicolor,Menthol Crystals & Essential Oils,6 pack tablets,Invigorating Shower Experience (Variety Pack),Disgust,$14.99 ,
678,Scented Dishwashing Brush (Antibacterial & Easy-Grip Handle),Green,Plastic & Bristles,1 brush,Clean Dishes with a Comfortable Grip (Fresh Scent),Disgust,$4.99 ,
679,Uplifting Podcasts (Positive Psychology & Mindfulness Topics),Multicolor (Digital),N/A,Monthly Subscription,Learn & Be Mindful on the Go,Disgust,$12.99 (Monthly),
680,Scented Hand Lotion (Moisturizing & Fresh Scent),Pink,Lotion,30ml,Soft Hands & Light Fragrance,Disgust,$7.99 ,
681,Scented Garbage Bags (Holiday Themed - Neutralizes Odors),Multicolor,Plastic,75 count box,Festive Touch & Controls Holiday Odors,Disgust,$8.99 ,
682,Uplifting Playdoh Slime Kit (Glow-in-the-Dark & Scented),Multicolor,Slime & Playdoh,2-pack assortment,Squish Away the Grumps with a Glowing Twist (Scented),Disgust,$12.99 ,
683,Subscription Box for Foodies (Delivered Bimonthly),Multicolor (Box),N/A,Bimonthly Delivery,Gourmet Food Discovery Box,Disgust,$49.99 (Bimonthly),
684,Uplifting Bath Bombs with Organic Ingredients (Relaxing & Beautifully Colored),Multicolor,Bath Salts & Essential Oils,20 pack,Soak Away the Disgust in Luxury (Organic),Disgust,$12.99 ,
685,Scented Laundry Detergent (Fresh Linen Scent & Long-Lasting),Blue,Liquid,5L,Clean Clothes with a Scent that Lasts,Disgust,$10.99 ,
686,Uplifting Audiobooks (Motivational Speaker Series),Multicolor (Digital),N/A,Monthly Subscription,Be Inspired & Overcome Disgust on the Go,Disgust,$9.99 (Monthly),
687,Scented Dryer Sheets (Static Control & Fresh Scent),Pink,Fabric Softener Sheets,40 count box,"Soft, Static-Free Clothes with a Fresh Scent",Disgust,$3.99 ,
688,Uplifting Coloring Book for All Ages (Whimsical Designs & Inspirational Quotes),Multicolor,Paper,1,Color Away the Disgust with Fun & Inspiration (All Ages),Disgust,$8.99 ,
689,Journal Prompts for Positive Thinking (Replacing Negative Thoughts),Multicolor,Paper,1,Write Your Way to a More Positive Outlook,Disgust,$6.99 ,
690,Uplifting Scented Candles (Variety Pack - Warm & Inviting Scents),Multicolor,Soy Wax & Glass Jar,4 pack,Fill Your Home with Warm & Inviting Scents (Variety Pack),Disgust,$24.99 ,
691,Scented Trash Bags (Double Odor Control & Rip-Resistant),Black,Plastic,60 count box,"Strong, Leak-Proof, and Neutralizes Odors",Disgust,$9.99 ,
692,Natural Carpet Deodorizer (Eliminates Odors & Safe for Pets),White,Liquid,200ml,Fresh Carpets & Safe for Your Furry Friends,Disgust,$14.99 ,
693,Uplifting Shower Steamers (Single Use - Invigorating Scent),Blue,Menthol Crystals & Essential Oils,3 tablets,Wake Up Your Senses in the Shower,Disgust,$2.99 ,
694,Scented Dishwashing Liquid (Grease-Cutting Formula & Fresh Scent),Yellow,Liquid,5L,Cuts Grease & Leaves Dishes Fresh,Disgust,$5.99 ,
695,Uplifting Podcasts (Comedy & Self-Help Topics),Multicolor (Digital),N/A,Monthly Subscription,Laugh & Learn on the Go,Disgust,$10.99 (Monthly),
696,Scented Hand Wipes (Travel-Sized Pack - Cleans & Deodorizes),Green,Wipes,40 count pack,Clean & Fresh Hands on the Go (Scented),Disgust,$3.99 ,
697,Scented Garbage Bags (Extra-Large Capacity & Odor Control),Gray,Plastic,30 count box,Large Bags for Big Jobs & Neutralizes Odors,Disgust,$10.99 ,
698,Uplifting Playdoh Slime Kit (Fidget Fun & Calming Scents),Multicolor,Slime & Playdoh,4-pack assortment,Squish Away the Grumps with Fun Scents,Disgust,$17.99 ,
699,Uplifting Coloring Book (Beautiful Landscapes),Multicolor,Paper,1,"Focus on the Beauty, Forget the Disgust",Disgust,$8.99 ,
700,Journal Prompts for Gratitude (Shift Focus to Positive),Multicolor,Paper,1,Write Your Way to Appreciation,Disgust,$9.99 ,
